City	Shape	CountofShape
Zephyr	Other	1
Young City	Disk	1
Wylie	Unknown	1
Wylie	Triangle	3
Wylie	Light	1
Wylie	Fireball	2
Wylie	Cigar	1
Woodway	Cigar	1
Woodville	Triangle	1
Woodville	Sphere	2
Woodville	Fireball	1
Woodville	Circle	1
Woodlands	Oval	1
Woodlands	Light	1
Woodlands	Fireball	1
Wolfforth	Light	2
Wolfforth	Fireball	1
Wolfforth	Disk	1
Wolfe City	Sphere	1
Wizard Wells	Other	1
Witchita Falls	Fireball	1
Winters	Oval	1
Winters	Other	1
Winters	Egg	1
Winnsboro	Other	1
Winnsboro	Egg	1
Winnie	Triangle	1
Winnie	Fireball	2
Winnie	Changing	1
Winfield	Circle	1
Wimberley	Unknown	2
Wimberley	Triangle	2
Wimberley	Oval	1
Wimberley	Light	2
Wilmer	Light	1
Wilmer	Circle	1
Wilmer	Cigar	1
Wills Point	Unknown	1
Wills Point	Cigar	1
Willis	Unknown	1
Wichita Falls	Unknown	1
Wichita Falls	Triangle	1
Wichita Falls	Sphere	2
Wichita Falls	Rectangle	1
Wichita Falls	Oval	1
Wichita Falls	Other	3
Wichita Falls	Light	8
Wichita Falls	Flash	1
Wichita Falls	Fireball	1
Wichita Falls	Disk	1
Wichita Falls	Diamond	2
Wichita Falls	Cylinder	1
Wichita Falls	Cigar	1
Wichita Falls	Chevron	1
Wichita Falls	Changing	3
Wichita County	Diamond	1
Whitney	Unknown	1
Whitney	Triangle	1
Whitney	Formation	3
Whitney	Changing	1
Whitewright	Light	1
Whitewright	Egg	1
Whitesboro	Light	1
Whitehouse	Triangle	1
Whitehouse	Disk	1
Wheeler	Light	1
Wheatland	Sphere	1
Wharton	Light	1
Western Sky from Pflugerville	Oval	1
West Texas	Unknown	1
West Tawakoni	Unknown	1
West Point	Light	1
West Houston	Formation	1
West Columbia	Fireball	1
West	Light	1
Weslaco	Light	3
Weslaco	Formation	1
Weslaco	Cone	1
Wells	Light	1
Wellington	Light	1
Weimar	Oval	1
Webster	Triangle	1
Webster	Other	1
Webster	Light	3
Webster	Cross	1
Webster	Circle	1
Webster	Changing	1
Weatherford	Unknown	2
Weatherford	Sphere	1
Weatherford	Light	1
Weatherford	Formation	2
Weatherford	Flash	1
Weatherford	Changing	1
Waxahachie	Triangle	2
Waxahachie	Teardrop	1
Waxahachie	Sphere	1
Waxahachie	Other	1
Waxahachie	Light	1
Waxahachie	Disk	1
Waxahachie	Cylinder	1
Waxahachie	Circle	2
Waxahachie	Chevron	1
Waxahachie	Changing	2
Watauga	Unknown	1
Watauga	Sphere	1
Watauga	Oval	1
Watauga	Light	3
Watauga	Circle	1
Watauga	Cigar	1
Warren	Other	1
Walnut Springs	Light	2
Walker County	Circle	1
Walburg	Cigar	1
Waco	Triangle	3
Waco	Sphere	1
Waco	Rectangle	2
Waco	Oval	1
Waco	Other	3
Waco	Light	8
Waco	Fireball	1
Waco	Egg	1
Waco	Cylinder	1
Waco	Circle	1
Waco	Changing	1
Von Ormy	Other	1
Von Ormy	Light	1
Vidor	Unknown	2
Vidor	Oval	1
Vidor	Cone	1
Vidor	Changing	1
Victoria	Unknown	1
Victoria	Triangle	1
Victoria	Sphere	1
Victoria	Rectangle	2
Victoria	Oval	1
Victoria	Light	1
Victoria	Cigar	1
Vernon	Light	2
Verhalen	Diamond	1
Vega	Disk	1
Van Horn	Teardrop	1
Van Horn	Disk	1
Van Alstyne	Unknown	1
Van Alstyne	Triangle	2
Van Alstyne	Rectangle	1
Van Alstyne	Other	1
Van Alstyne	Disk	1
Valley View	Light	1
Valley View	Diamond	1
Valley Mills	Oval	1
Valley Mills	Fireball	1
Valentine	Other	1
Valentine	Circle	1
Uvalde	Unknown	2
Uvalde	Circle	2
Utopia	Other	1
Unknown	Unknown	2
Unknown	Triangle	2
Unknown	Oval	5
Unknown	Other	1
Unknown	Light	3
Unknown	Formation	2
Unknown	Circle	1
Unknown	Cigar	1
Union Bower are irving	Formation	1
Uhland	Light	2
Tyler	Unknown	3
Tyler	Triangle	1
Tyler	Sphere	4
Tyler	Other	3
Tyler	Light	1
Tyler	Flash	1
Tyler	Fireball	2
Tyler	Cigar	1
TX	Unknown	1
Tuscola	Unknown	1
Tuscola	Light	7
Tuscola	Flash	1
Tuscola	Disk	1
Turkey	Circle	1
Troy	Unknown	1
Troup	Oval	1
Trinity and Riverside	Disk	1
Trinity	Circle	1
Trenton	Oval	1
Travis County	Triangle	1
Tomball	Unknown	1
Tomball	Triangle	4
Tomball	Oval	1
Tomball	Other	2
Tomball	Light	5
Tomball	Formation	1
Tomball	Flash	1
Tomball	Disk	1
Tomball	Circle	4
Tomball	Cigar	1
Timpson	Light	1
Tilden	Triangle	1
Tilden	Fireball	1
Thrifty	Circle	1
Three Rivers	Sphere	1
Three Rivers	Other	1
Three Rivers	Light	1
Thornton	Sphere	1
Thorndale	Light	1
Thelma	Disk	1
The Woodlands	Unknown	3
The Woodlands	Triangle	1
The Woodlands	Sphere	1
The Woodlands	Light	3
The Woodlands	Formation	1
The Woodlands	Fireball	1
The Woodlands	Chevron	1
The Colony	Unknown	2
The Colony	Triangle	1
The Colony	Sphere	1
The Colony	Oval	1
The Colony	Light	2
The Colony	Flash	1
The Colony	Disk	2
The Colony	Circle	1
Texhoma	Circle	1
Texas highway 54 heading into NM - after crossing I-10	Other	1
Texas coast	Cigar	1
Texas City	Unknown	4
Texas City	Sphere	1
Texas City	Oval	1
Texas City	Other	2
Texas City	Light	1
Texas City	Disk	3
Texas City	Circle	1
Texas City	Changing	1
Texas	Sphere	1
Texas	Other	2
Texas	Cylinder	2
Texas	Circle	1
Texas	Cigar	1
Texarkana	Unknown	1
Texarkana	Triangle	3
Texarkana	Oval	1
Texarkana	Other	2
Texarkana	Light	3
Texarkana	Disk	1
Texarkana	Circle	2
Terrell	Unknown	1
Terrell	Triangle	2
Terrell	Oval	2
Terrell	Formation	1
Terrell	Disk	1
Terrell	Circle	1
Terlingua	Light	1
Terlingua	Fireball	1
Tennyson	Flash	1
Temple	Triangle	1
Temple	Other	1
Temple	Light	2
Temple	Diamond	2
Temple	Cylinder	1
Temple	Cigar	1
Teague	Fireball	1
Taylor	Light	1
Taylor	Cylinder	1
Tatum	Other	1
Tatum	Light	1
Talco	Light	1
Synder	Other	1
Sweetwater	Changing	2
Sweeny	Sphere	1
Sweeny	Light	1
Surfside	Diamond	1
Sunset	Light	1
Sunrise Beach Village	Unknown	1
Sunrise Beach	Disk	1
Sulphur Springs	Rectangle	1
Sulphur Springs	Oval	1
Sulphur Springs	Light	2
Sulphur Springs	Formation	2
Sulphur Springs	Disk	2
Sulphur Springs	Circle	1
Sullivan City	Triangle	1
Sullivan City	Formation	1
Sugar Land	Triangle	1
Sugar Land	Sphere	2
Sugar Land	Rectangle	1
Sugar Land	Other	1
Sugar Land	Light	1
Sugar Land	Fireball	3
Sugar Land	Cylinder	1
Stratford	Triangle	1
Stinnett	Circle	1
Stephenville	Unknown	3
Stephenville	Rectangle	1
Stephenville	Oval	3
Stephenville	Formation	1
Stephenville	Flash	1
Stephenville	Disk	2
Stephenville	Circle	1
Stanton	Triangle	1
Stagecoach	Cigar	1
Stafford	Unknown	1
Stafford	Other	1
Stafford	Circle	1
St. Hedwig	Triangle	1
Spurger	Disk	1
Spur	Triangle	1
Spur	Light	1
Springtown	Triangle	1
Springtown	Oval	1
Springtown	Light	1
Springtown	Circle	3
Springtown	Cigar	2
Spring Branch	Unknown	1
Spring Branch	Fireball	1
Spring	Unknown	4
Spring	Triangle	3
Spring	Sphere	5
Spring	Other	1
Spring	Light	10
Spring	Fireball	4
Spring	Egg	1
Spring	Diamond	1
Spring	Cone	1
Spring	Circle	5
Spring	Cigar	1
Spring	Chevron	1
Splendora	Unknown	1
Splendora	Sphere	1
Splendora	Oval	1
Spicewood	Oval	1
Spicewood	Disk	1
Spicewood	Cylinder	2
Spicewood	Circle	2
Spearman	Unknown	1
Southlake	Unknown	2
Southlake	Oval	1
Southlake	Other	1
Southlake	Light	2
Southlake	Fireball	1
South Tyler	Changing	1
South Padre Island	Unknown	1
South Padre Island	Oval	1
South Padre Island	Light	2
South Padre	Oval	1
Sour Lake	Light	2
Sonora	Unknown	1
Somerville County	Circle	1
Somerville	Other	2
Somerset	Sphere	1
Snyder	Rectangle	1
Snyder	Disk	2
Smithville	Unknown	1
Smithville	Triangle	1
Smithville	Oval	1
Smithville	Other	1
Smithville	Light	1
Smithville	Circle	2
Smithson's Valley	Cigar	1
Sloan	Light	1
Sisterdale	Formation	1
Sisterdale	Diamond	1
Sinton	Oval	1
Silverton	Cigar	1
Silsbee	Light	1
Sidney	Unknown	1
Sidney	Triangle	3
Sidney	Other	1
Sidney	Light	3
Shiner	Cylinder	1
Sherman	Unknown	2
Sherman	Rectangle	2
Sherman	Light	3
Sherman	Disk	1
Sherman	Circle	2
Shepherd	Triangle	4
Shamrock	Sphere	1
Shallowater	Circle	1
Shady Shores	Unknown	1
Shady Grove	Circle	1
Seminole	Rectangle	1
Seminole	Circle	1
Selma	Fireball	1
Seguin	Unknown	1
Seguin	Triangle	3
Seguin	Sphere	1
Seguin	Oval	1
Seguin	Other	1
Seguin	Flash	1
Seguin	Fireball	1
Seguin	Disk	1
Seguin	Cone	1
Segno	Disk	1
Sealy	Light	1
Seagoville	Triangle	1
Seagoville	Circle	2
Seagoville	Chevron	1
Seabrook	Unknown	1
Seabrook	Formation	1
Scurry	Circle	1
Schulenburg	Unknown	1
Schulenburg	Other	1
Schulenburg	Circle	1
Schertz	Oval	1
Schertz	Disk	1
Sargent	Light	1
Sargent	Circle	2
Santo	Circle	2
Santa Maria	Circle	1
Santa Fe	Unknown	1
Santa Fe	Light	1
Santa Fe	Fireball	1
Santa Fe	Disk	1
Santa Fe	Circle	1
Santa Fe	Chevron	1
Santa Anna	Light	1
Sanger	Other	1
Sanger	Flash	1
San Saba County	Formation	1
San Saba	Light	1
San Saba	Formation	2
San Marcos	Unknown	1
San Marcos	Triangle	8
San Marcos	Teardrop	1
San Marcos	Rectangle	2
San Marcos	Oval	2
San Marcos	Other	1
San Marcos	Light	4
San Marcos	Formation	1
San Marcos	Disk	1
San Marcos	Diamond	1
San Marcos	Cylinder	2
San Marcos	Chevron	2
San Manuel	Circle	1
San Juan	Unknown	1
San Juan	Triangle	1
San Isidro	Oval	1
San Gabriel	Oval	1
San Francisco	Triangle	1
San Elizario	Disk	1
San Diego	Unknown	1
San Diego	Rectangle	1
San Benito	Triangle	1
San Benito	Other	1
San Benito	Circle	2
San Benito	Chevron	1
San Antonio	Unknown	14
San Antonio	Triangle	29
San Antonio	Teardrop	2
San Antonio	Sphere	18
San Antonio	Rectangle	4
San Antonio	Oval	11
San Antonio	Other	20
San Antonio	Light	40
San Antonio	Formation	8
San Antonio	Flash	3
San Antonio	Fireball	18
San Antonio	Egg	3
San Antonio	Disk	17
San Antonio	Diamond	5
San Antonio	Cylinder	2
San Antonio	Circle	19
San Antonio	Cigar	8
San Antonio	Chevron	5
San Antonio	Changing	8
San Angelo	Unknown	3
San Angelo	Triangle	1
San Angelo	Sphere	2
San Angelo	Oval	4
San Angelo	Other	3
San Angelo	Light	6
San Angelo	Formation	1
San Angelo	Flash	2
San Angelo	Fireball	2
San Angelo	Cylinder	1
San Angelo	Circle	2
San Angelo	Chevron	1
Salt Lake City	Disk	1
Salado	Other	1
Salado	Light	1
Salado	Formation	1
Saginaw	Fireball	1
Sachse	Sphere	2
Sachse	Other	1
Sachse	Light	1
Sabine Pass	Light	1
Rye	Oval	1
Runge	Sphere	1
Royse City	Light	2
Royse City	Formation	1
Royse City	Disk	1
Royce City	Oval	1
Rowlett, Sachse	Sphere	1
Rowlett	Unknown	1
Rowlett	Rectangle	1
Rowlett	Other	1
Rowlett	Fireball	1
Rowlett	Egg	1
Rowlett	Disk	2
Rowlett	Circle	2
Round Rock	Unknown	2
Round Rock	Triangle	2
Round Rock	Teardrop	1
Round Rock	Sphere	5
Round Rock	Rectangle	1
Round Rock	Oval	3
Round Rock	Other	3
Round Rock	Light	13
Round Rock	Flash	1
Round Rock	Fireball	3
Round Rock	Egg	1
Round Rock	Disk	2
Round Rock	Diamond	1
Round Rock	Cross	1
Round Rock	Cone	1
Round Rock	Circle	4
Round Rock	Changing	3
Round Mountain	Sphere	1
Round Mountain	Light	1
Rotan	Sphere	1
Rotan	Oval	1
Rosenberg	Other	1
Rosebud	Oval	1
Roscoe and Ft. Justice	Cigar	1
Rosanky	Fireball	1
Romayor	Fireball	1
Rockwall	Rectangle	2
Rockwall	Other	2
Rockwall	Light	1
Rocksprings	Unknown	1
Rockport-Fulton	Other	1
Rockport	Other	1
Rockport	Light	1
Rockport	Disk	1
Rockport	Changing	1
Rockne	Other	1
Rockdale	Triangle	1
Rockdale	Other	1
Rochelle	Light	1
Robstown	Sphere	1
Robstown	Oval	1
Robstown	Circle	1
Robstown	Cigar	1
Robinson	Light	1
Robinson	Circle	1
Robertson County	Other	1
Robbins	Circle	1
Roasharon	Light	1
Roanoke	Unknown	1
Road	Diamond	1
Riverside	Formation	1
Riverside	Circle	1
River Oaks	Unknown	1
Rising Star	Light	1
Rio Hondo	Oval	1
Rio Hondo	Light	1
Rio Hondo	Circle	1
Rio Grande City	Cigar	1
Riesel	Sphere	1
Richwood	Fireball	1
Richmond	Unknown	1
Richmond	Triangle	1
Richmond	Oval	1
Richmond	Light	1
Richmond	Circle	1
Richland Hills	Triangle	1
Richardson	Unknown	3
Richardson	Triangle	4
Richardson	Sphere	1
Richardson	Oval	2
Richardson	Other	1
Richardson	Light	3
Richardson	Formation	1
Richardson	Fireball	1
Richardson	Disk	2
Richardson	Diamond	1
Richardson	Circle	1
Ricardo	Other	1
Rhome	Unknown	1
Rhome	Oval	1
Retreat	Disk	1
Reno to Dallas	Triangle	1
Reno	Triangle	1
Red Oak	Triangle	1
Red Oak	Other	1
Real County	Triangle	1
Reagan	Light	1
Rankin	Oval	1
Ranger	Light	2
Randolph AFB	Disk	1
Rancho Viejo	Teardrop	1
Rancho Viejo	Formation	1
Rancho Viejo	Circle	1
Rancho Viejo	Chevron	1
Quitman	Changing	1
Quinlan	Formation	1
Quinlan	Cigar	1
Pyote	Triangle	1
Providence Village	Light	1
Progresso	Unknown	1
Princeton	Teardrop	1
Princeton	Light	1
Princeton	Flash	1
Princeton	Diamond	1
Presidio	Other	1
Presidio	Formation	1
Pottsboro	Other	1
Pottsboro	Light	2
Poth	Triangle	1
Poteet	Sphere	1
Post	Unknown	1
Post	Light	3
Post	Disk	1
Portland	Teardrop	1
Portland	Sphere	1
Portland	Light	1
Portland	Circle	1
Porter	Triangle	1
Porter	Other	1
Porter	Light	1
Porter	Fireball	1
Port Neches	Unknown	2
Port Neches	Other	1
Port Neches	Light	4
Port Neches	Cigar	1
Port Mansfield	Cone	1
Port Isabel	Oval	1
Port Isabel	Disk	3
Port Isabel	Cylinder	1
Port Isabel	Circle	1
Port Arthur	Light	1
Port Arthur	Cigar	1
Port Aransas	Triangle	1
Port Aransas	Other	2
Port Aransas	Light	2
Pollock	Other	1
Pollock	Cigar	1
Plum Grove	Circle	1
Pleasanton	Unknown	1
Pleasanton	Flash	1
Pleasanton	Circle	1
Pleasanton	Cigar	1
Plano	Unknown	11
Plano	Triangle	2
Plano	Sphere	5
Plano	Rectangle	1
Plano	Oval	2
Plano	Other	3
Plano	Light	12
Plano	Formation	1
Plano	Fireball	3
Plano	Disk	3
Plano	Cylinder	1
Plano	Cone	1
Plano	Circle	4
Plano	Cigar	1
Plano	Changing	1
Plan	Triangle	1
Plainview	Triangle	1
Plainview	Other	1
Plainview	Egg	1
Pittsburg	Unknown	1
Pittsburg	Light	2
Pipe Creek	Sphere	1
Pipe Creek	Light	1
Pinehurst	Light	2
Pinehurst	Circle	1
Pine Springs	Light	1
Pilot Point	Teardrop	1
Pilot Point	Rectangle	1
Pilot Point	Formation	1
Pierce	Light	1
Pidcoke	Triangle	1
Pharr	Fireball	1
Pharr	Chevron	1
Pflugerville	Sphere	1
Pflugerville	Light	4
Pflugerville	Formation	2
Pflugerville	Fireball	1
Pflugerville	Chevron	1
Petersburg	Flash	1
Perryville	Teardrop	1
Percilla	Light	1
Pep	Fireball	1
Pennington	Diamond	1
Pecos	Light	1
Pecos	Disk	1
Pecos	Circle	1
Pecos	Chevron	1
Peaster	Unknown	1
Peaster	Cigar	1
Pearsall	Triangle	1
Pearland	Sphere	4
Pearland	Oval	1
Pearland	Other	2
Pearland	Light	3
Pearland	Fireball	3
Pearland	Cone	1
Pearland	Circle	3
Pearland	Cigar	1
Payne Springs	Flash	1
Pattonville	Light	1
Patricia	Unknown	1
Pasadena	Unknown	1
Pasadena	Sphere	1
Pasadena	Rectangle	1
Pasadena	Light	3
Pasadena	Flash	1
Pasadena	Disk	1
Pasadena	Circle	1
Pasadena	Cigar	1
Paris	Unknown	1
Paris	Triangle	3
Paris	Sphere	1
Paris	Other	1
Paris	Light	1
Paris	Disk	1
Paris	Cigar	1
Pantego	Circle	1
Panhandle	Unknown	1
Panhandle	Diamond	1
Pampa	Triangle	1
Pampa	Other	1
Pampa	Light	3
Pampa	Fireball	1
Palestine	Unknown	1
Palestine	Triangle	1
Palestine	Teardrop	2
Palestine	Oval	1
Palestine	Other	1
Palestine	Light	2
Palacios	Cylinder	1
Paint Rock	Unknown	1
Paint Rock	Light	1
Ozona	Light	1
Ozona	Cone	1
Ovilla	Light	1
Overton	Other	1
Overton	Circle	1
Ovalo	Oval	1
Ore City	Circle	1
Orange Grove	Rectangle	1
Orange Grove	Circle	1
Orange	Triangle	1
Orange	Oval	1
Orange	Other	1
Orange	Formation	1
Orange	Diamond	1
Orange	Cigar	1
Omaha	Formation	1
Old Town Katy	Light	1
Old River-Winfree	Sphere	1
Oklahoma	Cigar	1
Odessa	Unknown	3
Odessa	Triangle	1
Odessa	Rectangle	1
Odessa	Oval	1
Odessa	Other	3
Odessa	Formation	1
Odessa	Fireball	1
Odessa	Disk	6
Odessa	Diamond	2
Odessa	Cylinder	1
Odessa	Circle	2
Odessa	Cigar	1
Oakwood	Triangle	1
Oakwood	Light	1
Oakhill	Circle	1
Oak Cliff	Disk	3
Oak Cliff	Circle	1
Nuevo Laredo	Formation	1
Notrees	Light	1
not sure	Triangle	1
Northeastern	Cone	1
North Zulch	Light	1
North Zulch	Circle	1
North Texas	Fireball	1
North Richland Hills	Teardrop	1
North Richland Hills	Sphere	1
North Richland Hills	Oval	1
North Richland Hills	Light	4
North Richland Hills	Disk	1
North Richland Hills	Cylinder	1
North Richland Hills	Cross	1
North Houston	Unknown	1
North Dallas	Egg	1
North Dallas	Circle	1
none	Sphere	1
none	Other	1
Nolanville	Oval	1
Nolanville	Disk	1
Nocona	Sphere	1
Noack	Rectangle	1
Nixon	Disk	2
Nixon	Circle	1
Newton	Fireball	1
Newport	Circle	1
Newark	Triangle	1
Newark	Disk	1
Newark	Circle	1
New Waverly	Other	1
New Gulf	Triangle	1
New Caney	Formation	1
New Caney	Fireball	1
New Caney	Circle	1
New Braunfels	Unknown	1
New Braunfels	Triangle	3
New Braunfels	Teardrop	1
New Braunfels	Oval	3
New Braunfels	Other	2
New Braunfels	Light	4
New Braunfels	Formation	1
New Braunfels	Fireball	1
New Braunfels	Disk	1
New Braunfels	Circle	2
New Boston	Unknown	1
New Boston	Oval	1
New Boston	Light	2
New Boston	Egg	1
Nevada	Unknown	1
Nevada	Light	1
Needville	Light	1
Needville	Fireball	1
Nederland	Light	1
Nederland	Flash	1
Nederland	Chevron	1
Navasota	Light	1
Navasota	Flash	1
Natalia	Sphere	1
Natalia	Other	1
Natalia	Light	1
Nassau Bay	Oval	1
Nashville	Unknown	1
NASA-INTERNET TV	Disk	1
Nacogdoches	Unknown	2
Nacogdoches	Triangle	1
Nacogdoches	Sphere	1
Nacogdoches	Rectangle	1
Nacogdoches	Other	1
Nacogdoches	Light	6
Nacogdoches	Formation	1
Nacogdoches	Fireball	1
Nacogdoches	Circle	1
Nacogdoches	Chevron	1
Myers Spring Canyon	Circle	1
Murphy	Rectangle	1
Murphy	Oval	1
Murphy	Flash	1
Muenster	Unknown	1
Muenster	Egg	1
Mt. Vernon	Oval	1
Mt. Springs	Other	1
Mt. Springs	Cigar	1
Mt. Pleasant	Unknown	1
Mt. Pleasant	Fireball	1
Mount Pleasant	Sphere	1
Motley	Diamond	1
Mosheim	Disk	1
Morton	Sphere	1
Morgans Point Resort	Circle	1
Morgan Mill	Light	1
Moravia	Light	1
Moran	Flash	1
Moore	Formation	1
Moody	Other	1
Moody	Disk	1
Montgomery	Unknown	1
Montgomery	Triangle	2
Montgomery	Sphere	1
Montgomery	Light	2
Montgomery	Fireball	1
Montgomery	Disk	2
Montgomery	Cylinder	1
Montgomery	Circle	3
Monaville	Changing	1
Monahans	Unknown	1
Missouri City	Oval	1
Missouri City	Formation	1
Missouri City	Flash	1
Missouri City	Fireball	1
Mission	Triangle	1
Mission	Disk	1
Mission	Circle	1
Mineral Wells	Rectangle	2
Mineola	Unknown	1
Mineola	Other	3
Mineola	Light	1
Mineola	Egg	1
Mineola	Circle	1
Millsap	Disk	1
Millsap	Cigar	1
Millican	Light	1
Millersville	Light	1
Midlothian	Triangle	1
Midlothian	Formation	1
Midland	Unknown	2
Midland	Triangle	1
Midland	Sphere	2
Midland	Oval	2
Midland	Light	6
Midland	Formation	2
Midland	Disk	3
Midland	Cross	1
Midland	Cigar	2
Midland	Changing	1
middle of desert	Light	1
Mico	Formation	1
Miami	Triangle	2
Mexia	Oval	1
Mexia	Fireball	1
Mexia	Egg	1
Mesquite	Unknown	5
Mesquite	Triangle	2
Mesquite	Teardrop	1
Mesquite	Sphere	2
Mesquite	Rectangle	1
Mesquite	Oval	1
Mesquite	Other	3
Mesquite	Light	1
Mesquite	Disk	1
Mesquite	Cylinder	2
Mesquite	Circle	3
Merkel	Disk	1
Meridian	Fireball	1
Mercedes	Oval	1
Mercedes	Light	1
Mercedes	Cigar	1
Menard	Light	1
Memphis	Triangle	1
Memphis	Sphere	1
Memphis	Rectangle	1
Melissa	Other	1
Megargel	Unknown	1
Medina Lake	Oval	1
Medina	Light	2
McKinney	Unknown	4
McKinney	Triangle	1
McKinney	Sphere	1
McKinney	Rectangle	1
McKinney	Oval	2
McKinney	Other	2
McKinney	Light	13
McKinney	Fireball	1
McKinney	Cylinder	1
McKinney	Circle	3
McKinney	Cigar	1
McGregor	Sphere	1
McGregor	Other	1
McDonald Observatory	Light	1
McCamey	Oval	3
McAllen	Teardrop	1
McAllen	Sphere	2
McAllen	Oval	1
McAllen	Other	1
McAllen	Light	2
McAllen	Flash	1
McAllen	Disk	4
McAllen	Circle	2
Maypearl	Unknown	2
Mauriceville	Light	1
Mauriceville	Disk	1
Maud	Triangle	1
Mathis	Circle	1
Matagorda	Other	2
Mason	Oval	1
Mason	Light	1
Martindale	Changing	1
Marshall	Teardrop	2
Marshall	Sphere	1
Marshall	Light	1
Marshall	Disk	1
Marfa	Triangle	2
Marfa	Rectangle	1
Marfa	Oval	1
Marfa	Circle	1
Marfa	Cigar	1
Marble Falls	Light	1
Marble Falls	Circle	1
Mansfield and Terrell	Light	1
Mansfield	Unknown	2
Mansfield	Triangle	2
Mansfield	Rectangle	1
Mansfield	Oval	1
Mansfield	Other	1
Mansfield	Light	4
Mansfield	Flash	1
Mansfield	Disk	2
Mansfield	Cylinder	1
Mansfield	Circle	2
Manor	Unknown	1
Manor	Light	2
Magnolia	Sphere	1
Magnolia	Other	1
Magnolia	Light	2
Magnolia	Disk	1
Mabank	Triangle	1
Mabank	Oval	1
Mabank	Other	1
Mabank	Light	1
Lumberton	Unknown	1
Lumberton	Sphere	1
Lumberton	Light	3
Lumberton	Disk	1
Luling	Sphere	1
Lufkin	Teardrop	1
Lufkin	Other	1
Lufkin	Light	2
Lufkin	Disk	1
Lufkin	Delta	1
Lufkin	Circle	2
Lufkin	Chevron	1
Lucas	Other	1
Lubbock	Unknown	2
Lubbock	Triangle	6
Lubbock	Teardrop	1
Lubbock	Sphere	2
Lubbock	Rectangle	3
Lubbock	Oval	2
Lubbock	Other	7
Lubbock	Light	7
Lubbock	Fireball	2
Lubbock	Cylinder	2
Lubbock	Circle	4
Lubbock	Cigar	2
Lubbock	Chevron	2
Lubbock	Changing	1
Los Fresnos	Sphere	1
Los Fresnos	Light	1
Lorenzo	Light	1
Loredo	Formation	1
Longview	Unknown	2
Longview	Triangle	5
Longview	Other	1
Longview	Light	2
Longview	Fireball	1
Longview	Disk	1
Longview	Circle	3
Longview	Cigar	1
Lone Grove	Fireball	1
Lometa	Triangle	1
Lometa	Disk	1
Lockhart	Other	1
Livingston	Sphere	1
Livingston	Rectangle	1
Livingston	Other	1
Livingston	Light	4
Livingston	Disk	1
Livingston	Circle	1
Liverpool	Circle	1
Littlefield	Rectangle	1
Little Elm	Triangle	1
Little Elm	Light	1
Littig	Triangle	2
Lipan	Other	1
Lindsay	Unknown	1
Lindsay	Light	1
Lindale	Triangle	1
Lindale	Light	1
Lindale	Chevron	1
Liberty Hill	Unknown	1
Liberty Hill	Oval	2
Liberty Hill	Other	1
Liberty Hill	Light	1
Liberty Hill	Flash	1
Liberty Hill	Changing	1
Liberty	Light	1
Lexington	Unknown	2
Lexington	Triangle	1
Lexington	Rectangle	1
Lexington	Light	1
Lewisville Lake	Oval	1
Lewisville Lake	Light	1
Lewisville	Unknown	3
Lewisville	Triangle	1
Lewisville	Sphere	2
Lewisville	Oval	2
Lewisville	Other	1
Lewisville	Light	4
Lewisville	Formation	3
Lewisville	Flash	1
Lewisville	Fireball	1
Lewisville	Egg	1
Lewisville	Cylinder	3
Lewisville	Circle	4
Lewisville	Changing	1
Levelland	Unknown	1
Leon Valley	Formation	1
Leander-Jarrell	Unknown	1
Leander	Unknown	2
Leander	Sphere	1
Leander	Oval	1
Leander	Light	2
Leander	Cylinder	1
Leander	Cigar	1
Leakey	Oval	1
Leakey	Light	4
Leagueville	Triangle	1
League City	Unknown	3
League City	Triangle	1
League City	Sphere	2
League City	Oval	1
League City	Other	1
League City	Light	2
League City	Fireball	1
League City	Disk	1
League City	Circle	1
Lavon	Light	1
Lavon	Fireball	1
Laredo	Unknown	2
Laredo	Triangle	1
Laredo	Sphere	2
Laredo	Oval	1
Laredo	Other	2
Laredo	Fireball	1
Laredo	Disk	1
Laredo	Circle	2
Laredo	Changing	1
Lantana	Circle	1
Lantana	Changing	1
Lancaster	Light	1
Lampasas	Light	2
Lampasas	Circle	1
Lamesa	Egg	1
Lamesa	Circle	1
Lakeway	Unknown	1
Lakeway	Triangle	1
Lakeway	Sphere	2
Lakeway	Rectangle	1
Lakeway	Disk	1
Lakehills	Sphere	2
Lakehills	Light	1
Lakehills	Formation	1
Lake Worth	Unknown	2
Lake Worth	Chevron	1
Lake Whitney	Triangle	1
Lake Whitney	Light	1
Lake Waco	Egg	1
Lake Victor	Sphere	1
Lake Texoma	Triangle	1
Lake Texoma	Circle	1
Lake Tawakoni	Unknown	1
Lake Tawakoni	Fireball	1
Lake Tawakoni	Cigar	1
Lake Tawakine	Other	1
Lake Kiowa	Triangle	1
Lake Kiowa	Rectangle	1
Lake Jackson	Unknown	2
Lake Jackson	Other	1
Lake Jackson	Light	1
Lake Jackson	Fireball	2
Lake Jackson	Disk	1
Lake Jackson	Circle	3
Lake Jackson	Cigar	1
Lake Ft Phantom	Circle	1
Lake Fork	Light	2
Lake Dallas	Rectangle	1
Lake Dallas	Fireball	1
Lake Conroe	Light	2
Lake Conroe	Circle	1
Laguna Vista	Oval	1
Laguna Vista	Disk	1
Laguna Park	Cigar	1
Lago Vista	Triangle	1
Lago Vista	Light	1
Lago Vista	Formation	1
Lago Vista	Diamond	1
Lago Vista	Cylinder	1
Lago Vista	Circle	1
LaCoste	Circle	1
Lackland Air Force Base TX	Disk	2
Lackland AFB	Unknown	1
Lackland AFB	Light	1
Labelle	Triangle	1
La Pryor	Fireball	1
La Porte	Other	1
La Porte	Light	1
La Porte	Disk	1
La Porte	Circle	2
La Marque	Cigar	1
La Joya	Disk	1
La Grange	Triangle	1
La Feria	Light	1
Kyle	Oval	2
Kyle	Other	1
Kyle	Chevron	1
Krum	Unknown	1
Krum	Triangle	1
Krum	Light	1
Krum	Disk	2
Kountze	Light	2
Kosse	Cylinder	1
Kingwood	Triangle	1
Kingwood	Other	1
Kingwood	Light	3
Kingwood	Formation	1
Kingwood	Fireball	1
Kingwood	Disk	1
Kingwood	Diamond	1
Kingwood	Circle	1
Kingwood	Changing	1
Kingsville	Oval	1
Kingsville	Other	1
Kingsville	Light	4
Kingsville	Disk	1
Kingsville	Cylinder	1
Kingsville	Cigar	1
Kingsland	Sphere	1
Kingsland	Light	1
Killeen	Unknown	4
Killeen	Triangle	1
Killeen	Teardrop	1
Killeen	Sphere	2
Killeen	Oval	3
Killeen	Light	3
Killeen	Flash	1
Killeen	Circle	2
Killeen	Cigar	1
Killeen	Changing	1
Kilgore	Sphere	1
Kilgore	Light	2
Kilgore	Circle	3
Kildare	Other	1
Kerrville	Unknown	1
Kerrville	Triangle	1
Kerrville	Light	1
Kerrville	Diamond	1
Kerrville	Circle	2
Kerrville	Changing	1
Kern	Formation	1
Kermit	Unknown	1
Kermit	Triangle	2
Kerens	Formation	1
Kerens	Circle	1
Kennedale	Disk	1
Kennedale	Diamond	1
Kemp	Circle	1
Kemah	Unknown	2
Kemah	Oval	1
Kemah	Other	1
Kemah	Light	1
Kemah	Cigar	1
Keller	Unknown	2
Keller	Oval	2
Keller	Light	3
Keller	Formation	1
Keller	Fireball	4
Keller	Cylinder	1
Keller	Circle	1
Keene	Triangle	1
Keene	Sphere	1
Kaufman County	Light	1
Kaufman	Triangle	1
Kaufman	Sphere	1
Kaufman	Light	1
Kaufman	Fireball	2
Katy	Unknown	4
Katy	Triangle	6
Katy	Sphere	3
Katy	Rectangle	1
Katy	Oval	4
Katy	Other	4
Katy	Light	9
Katy	Fireball	7
Katy	Egg	1
Katy	Disk	3
Katy	Diamond	3
Katy	Cylinder	1
Katy	Cross	1
Katy	Circle	3
Katy	Chevron	1
Katy	Changing	2
Karnes County	Circle	1
Karne City	Fireball	1
Junction	Unknown	1
Junction	Oval	1
Junction	Light	2
Junction	Disk	1
Joshua	Unknown	2
Joshua	Triangle	1
Jonestown	Rectangle	1
Jonestown	Light	1
Jonah	Changing	1
Johnson City	Formation	1
Johnson City	Fireball	1
Jewett	Light	1
Jayton	Diamond	1
Jasper	Unknown	1
Jarrell	Other	1
Jarrell	Circle	1
Jamaica Beach	Light	1
Jacksonville	Other	1
Jacksonville	Flash	1
Jacksboro	Triangle	1
Italy	Light	1
Italy	Changing	1
Irving	Unknown	3
Irving	Triangle	1
Irving	Rectangle	1
Irving	Oval	1
Irving	Other	2
Irving	Light	6
Irving	Formation	1
Irving	Fireball	2
Irving	Diamond	2
Irving	Cylinder	1
Irving	Circle	2
Irving	Cigar	2
Irving	Changing	1
Iowa Park	Triangle	1
Iola	Unknown	1
Interstate 40	Unknown	1
Ingram	Flash	1
Ingleside	Unknown	1
Ingleside	Fireball	1
Ingleside	Disk	1
Indian Creek	Light	1
in air	Circle	1
Idalou	Triangle	1
I-35	Disk	1
I-10	Unknown	1
HWY 77	Unknown	1
Hutto	Triangle	1
Hutto	Rectangle	1
Hutto	Light	2
Hutto	Formation	1
Husten	Unknown	1
Hurst	Triangle	3
Hurst	Teardrop	1
Hurst	Rectangle	1
Hurst	Light	2
Hurst	Fireball	2
Hurst	Disk	1
Hurst	Circle	4
Huntsville	Rectangle	1
Huntsville	Other	2
Huntsville	Light	2
Huntsville	Disk	2
Huntsville	Circle	1
Huntsville	Cigar	1
Huntington	Light	1
Humble	Unknown	2
Humble	Triangle	1
Humble	Rectangle	2
Humble	Oval	2
Humble	Other	2
Humble	Light	2
Humble	Formation	1
Humble	Fireball	1
Humble	Disk	1
Humble	Circle	1
Humble	Changing	1
Hughes Springs	Circle	2
Huffman	Triangle	1
Huffman	Teardrop	1
Huffman	Other	1
Huffman	Light	1
Huffman	Fireball	1
Huffman	Cigar	1
Hudson Bend	Unknown	1
Howe	Cigar	1
Houston-College Station	Teardrop	1
Houston	Unknown	34
Houston	Triangle	42
Houston	Teardrop	4
Houston	Sphere	31
Houston	Rectangle	5
Houston	Oval	19
Houston	Other	33
Houston	Light	67
Houston	Formation	15
Houston	Flash	7
Houston	Fireball	17
Houston	Egg	3
Houston	Disk	26
Houston	Diamond	8
Houston	Cylinder	13
Houston	Circle	36
Houston	Cigar	6
Houston	Chevron	8
Houston	Changing	7
Horizon City	Triangle	1
Horizon City	Light	1
Horeshoe Bay	Circle	1
Hooks	Triangle	1
Hooks	Light	2
Honey Grove	Sphere	1
Honey Grove	Light	1
Honey Grove	Disk	1
Honey Grove	Circle	1
Hondo	Formation	1
Holliday	Disk	1
Holland	Unknown	2
Holland	Circle	1
Hockley	Unknown	1
Hockley	Teardrop	1
Hockley	Sphere	1
Hockley	Light	1
Hitchcock	Light	1
Hillsboro	Other	1
Hillsboro	Light	1
highway 78 between Bailey & Bonham, Texas	Sphere	1
Highlands	Fireball	1
Highlands	Circle	1
Highland Village	Other	2
Highland Village	Flash	1
Highland Village	Fireball	1
Highland Village	Circle	1
High Island	Unknown	1
High Island	Light	1
Hidalgo	Fireball	1
Hico	Disk	1
Hico	Circle	1
Hewitt	Unknown	1
Hewitt	Cigar	1
Hestes	Oval	1
Hereford	Flash	1
Henderson County	Diamond	1
Henderson	Unknown	2
Henderson	Triangle	1
Hemsted	Flash	1
Hemptead-Brenham	Light	1
Hempstead	Cigar	1
Hemphill	Rectangle	1
Helotes	Triangle	1
Helotes	Sphere	1
Helotes	Chevron	1
Heidenheimer	Triangle	1
Hebronville	Other	1
Hebronville	Fireball	1
Haslet	Sphere	1
Haslet	Formation	1
Haskell	Triangle	1
Harwood	Sphere	1
Harris County	Unknown	1
Harper	Light	2
Harlingen	Triangle	1
Harlingen	Oval	1
Harlingen	Other	1
Harlingen	Light	1
Harlingen	Cone	1
Harker Heights	Other	1
Harker Heights	Light	3
Hardin	Flash	1
Happy	Diamond	1
Hamilton	Light	2
Haltom City	Unknown	1
Haltom City	Triangle	3
Haltom City	Light	4
Haltom City	Circle	1
Haltom City	Changing	1
Haltom	Light	1
Haltom	Circle	1
Hallsville	Cigar	1
Hallsville	Changing	1
Hallettsville	Triangle	1
Hallettsville	Oval	1
Hallettsville	Fireball	1
Gunter	Unknown	1
Gunter	Light	1
Gun Barrel City	Unknown	1
Gun Barrel City	Other	1
Gun Barrel City	Light	1
Gun Barrel City	Circle	1
Gulf Of Mexico	Rectangle	1
Gulf Of Mexico	Oval	1
Gulf Of Mexico	Other	2
Gulf Of Mexico	Disk	1
Groveton	Unknown	1
Groveton	Disk	1
Groveton	Circle	1
Groves	Other	1
Groves	Light	1
Groves	Circle	1
Groom	Disk	1
Groesbeck	Cigar	1
Greenville	Triangle	2
Greenville	Other	1
Gray	Circle	1
Grapevine	Triangle	2
Grapevine	Oval	1
Grapevine	Light	4
Grapevine	Fireball	1
Grapevine	Circle	1
Grapevine	Cigar	1
Grapevine	Changing	1
Granite Shoals	Disk	1
Granger	Fireball	1
Grandview	Light	1
Grand Saline	Oval	1
Grand Saline	Light	1
Grand Prairie	Unknown	3
Grand Prairie	Triangle	2
Grand Prairie	Sphere	1
Grand Prairie	Rectangle	1
Grand Prairie	Oval	2
Grand Prairie	Other	4
Grand Prairie	Light	2
Grand Prairie	Fireball	1
Grand Prairie	Disk	1
Grand Prairie	Circle	1
Granbury	Triangle	2
Granbury	Other	1
Granbury	Disk	2
Granbury	Cone	1
Granbury	Circle	1
Graham	Sphere	1
Graford	Sphere	1
Graford	Light	1
Gorman	Unknown	1
Goree	Light	1
Gordon	Circle	1
Goodrich	Light	1
Gonzales	Cigar	1
Goliad	Circle	1
Goldthwaite	Unknown	2
Goldthwaite	Rectangle	1
Goldthwaite	Formation	1
Goldsmith	Light	1
Golden	Disk	1
Glen Rose	Triangle	3
Glen Rose	Light	1
Glen Rose	Circle	3
Gladewater	Unknown	1
Gladewater	Other	1
Gladewater	Circle	1
Gilmer	Triangle	1
Gilmer	Light	1
Gilmer	Cigar	1
Gilmer	Changing	1
Gil Community	Diamond	1
Georgetown	Triangle	5
Georgetown	Oval	1
Georgetown	Light	4
Georgetown	Flash	1
Georgetown	Circle	3
Georgetown	Chevron	1
Georgetown	Changing	5
George West	Oval	1
George West	Flash	1
Gatesville	Unknown	1
Gatesville	Triangle	1
Gatesville	Rectangle	1
Gatesville	Flash	1
Gatesville	Chevron	1
Gary	Light	1
Garwood	Cylinder	1
Garland	Unknown	6
Garland	Triangle	5
Garland	Teardrop	1
Garland	Sphere	1
Garland	Rectangle	3
Garland	Oval	2
Garland	Other	1
Garland	Light	7
Garland	Formation	1
Garland	Flash	1
Garland	Fireball	1
Garland	Disk	3
Garland	Diamond	1
Garland	Circle	2
Garland	Chevron	1
Garland	Changing	2
Garden Ridge	Unknown	1
Galveston	Triangle	4
Galveston	Sphere	2
Galveston	Oval	4
Galveston	Other	1
Galveston	Light	7
Galveston	Formation	1
Galveston	Fireball	2
Galveston	Cylinder	2
Galveston	Circle	5
Galveston	Cigar	2
Galveston	Changing	2
Galena Park	Light	1
Gainesville	Triangle	1
Gainesville	Light	2
Gainesville	Circle	1
Gail	Circle	1
Fulton	Unknown	1
Fulshear	Other	1
Fulshear	Fireball	1
Fulshear	Disk	1
Ft. Worth area	Cylinder	1
Ft. Stockton	Circle	1
Frost	Light	1
Fritch	Light	1
Fritch	Circle	1
Frisco	Unknown	3
Frisco	Triangle	3
Frisco	Oval	1
Frisco	Light	2
Frisco	Flash	1
Frisco	Circle	1
Frisco	Cigar	2
Frisco	Chevron	1
Friendswood	Unknown	2
Friendswood	Triangle	2
Friendswood	Sphere	2
Friendswood	Other	1
Friendswood	Fireball	2
Friendswood	Diamond	1
Freer	Unknown	1
Freer	Other	1
Freer	Disk	1
Freer	Circle	1
Freeport	Rectangle	1
Freeport	Oval	2
Freeport	Other	1
Freeport	Light	1
Freeport	Circle	1
Fredericksburg	Teardrop	1
Fredericksburg	Light	2
Fredericksburg	Fireball	1
Fredericksburg	Disk	1
Fred	Unknown	1
Franklin	Light	1
Fowlerton	Unknown	1
Fort Worth	Unknown	8
Fort Worth	Triangle	10
Fort Worth	Teardrop	1
Fort Worth	Sphere	12
Fort Worth	Rectangle	1
Fort Worth	Oval	4
Fort Worth	Other	9
Fort Worth	Light	18
Fort Worth	Formation	2
Fort Worth	Fireball	8
Fort Worth	Disk	11
Fort Worth	Cylinder	2
Fort Worth	Circle	11
Fort Worth	Cigar	4
Fort Worth	Chevron	2
Fort Worth	Changing	1
Fort Stockton	Oval	1
Fort Stockton	Other	1
Fort Stockton	Light	1
Fort Stockton	Flash	1
Fort Stockton	Disk	2
Fort Hood	Unknown	1
Fort Hood	Sphere	1
Fort Hood	Light	4
Fort Hood	Disk	1
Fort Hood	Circle	3
Fort Davis	Unknown	1
Fort Davis	Light	1
Fort Davis	Fireball	1
Fort Davis	Disk	1
Fort Davis	Cigar	1
Fort Bliss	Disk	1
Fort Bliss	Circle	1
Forney	Fireball	1
Forestburg	Sphere	1
Flower Mound	Other	1
Flower Mound	Light	2
Flower Mound	Formation	1
Flower Mound	Fireball	3
Flower Mound	Disk	1
Flower Mound	Cigar	1
Flower Mound	Changing	1
Floresville	Unknown	1
Floresville	Fireball	1
Florence	Other	1
Florence	Changing	1
Flint	Changing	2
Fischer	Egg	2
Fillmore	Unknown	1
Field Store	Rectangle	1
Ferris	Light	1
Ferris	Fireball	1
Fayetteville	Triangle	1
Fate	Triangle	1
Farwell	Light	1
Farmersville	Other	1
Farmers Branch	Teardrop	1
Farmers Branch	Sphere	1
Farmers Branch	Light	1
Farmers Branch	Disk	1
Fannett	Disk	1
Falfurias	Light	1
Falcon	Unknown	1
Fairfield	Rectangle	1
Fairfield	Oval	1
Fairfield	Other	1
Fairfield	Formation	2
Fairfield	Cylinder	1
Fairfield	Changing	1
Fair Oaks	Triangle	1
Faben	Disk	1
Evant	Circle	1
Eustace	Oval	1
Eustace	Light	2
Eustace	Cylinder	1
Eureka	Fireball	1
Euless	Unknown	1
Euless	Triangle	1
Euless	Other	1
Euless	Light	1
Euless	Fireball	1
Euless	Disk	1
Euless	Circle	1
Euless	Cigar	1
Euless	Chevron	1
Euless	Changing	1
Ennis	Sphere	1
Ennis	Light	1
Ennis	Changing	1
Enloe	Triangle	1
Encinal	Sphere	1
Encinal	Formation	1
Emory	Sphere	1
Emory	Rectangle	1
Emory	Light	1
Emory	Fireball	1
Emory	Egg	1
Emory	Cone	1
Elm Mott	Triangle	1
Ellington AFB	Disk	1
Elkhart	Light	1
Elgin	Light	1
Elgin	Disk	1
Elgin	Circle	1
Electra	Oval	1
Electra	Disk	1
Electra	Cigar	1
Eldorado	Triangle	1
Eldorado	Cigar	1
El Paso	Unknown	9
El Paso	Triangle	6
El Paso	Teardrop	2
El Paso	Sphere	8
El Paso	Rectangle	1
El Paso	Oval	8
El Paso	Other	9
El Paso	Light	22
El Paso	Formation	5
El Paso	Fireball	7
El Paso	Disk	10
El Paso	Diamond	1
El Paso	Circle	14
El Paso	Cigar	6
El Paso	Chevron	1
El Paso	Changing	4
El Campo	Other	1
Edroy	Unknown	1
Edna	Unknown	1
Edna	Other	1
Edna	Circle	1
Edinburg	Unknown	1
Edinburg	Oval	1
Edinburg	Other	1
Edinburg	Light	2
Edinburg	Circle	2
Edinburg	Cigar	1
Edge	Light	1
Echo	Chevron	1
Eastland	Unknown	1
Eastland	Light	3
Eastland	Flash	1
East Texas River	Egg	1
East Barnard	Other	1
Eagle Pass	Unknown	1
Eagle Pass	Oval	3
Eagle Pass	Other	1
Eagle Pass	Circle	1
Eagle Pass	Cigar	1
Eagle Mountain	Other	1
Eagle Mountain	Light	1
Duncanville	Triangle	1
Duncanville	Egg	1
Dumas	Oval	1
Dumas	Light	1
Dublin	Sphere	1
Dublin	Light	1
Driscoll	Cylinder	1
Dripping Springs	Oval	2
Dripping Springs	Light	1
Dripping Springs	Fireball	1
Dripping Springs	Egg	1
Dripping Springs	Circle	1
Dripping Springs	Cigar	1
dont know	Triangle	1
Dimmit	Circle	1
Dilley	Disk	1
Dickinson	Light	2
Dickinson	Formation	1
Dickinson	Cigar	1
Dickinson	Changing	4
Dickens	Other	1
Diboll	Light	1
DFW Airport	Unknown	1
Deweyville	Diamond	1
Devine	Disk	1
Detroit	Oval	1
Desoto	Sphere	1
Denton	Unknown	5
Denton	Triangle	3
Denton	Sphere	2
Denton	Rectangle	1
Denton	Other	1
Denton	Light	8
Denton	Formation	1
Denton	Fireball	1
Denton	Disk	5
Denton	Diamond	1
Denton	Circle	6
Denton	Chevron	1
Denton	Changing	2
Dell City	Unknown	1
Dell City	Circle	1
Del Valle	Unknown	1
Del Valle	Triangle	1
Del Valle	Circle	2
Del Rio	Triangle	1
Del Rio	Oval	2
Del Rio	Other	2
Del Rio	Light	3
Del Rio	Diamond	1
Del Rio	Cigar	1
DeKalb	Triangle	1
DeKalb	Rectangle	1
DeKabe	Circle	1
Decatur	Other	1
Decatur	Disk	1
Decatur	Changing	1
Decator	Triangle	1
Dean	Light	1
De Leon	Light	3
De Leon	Formation	1
Dayton	Unknown	1
Dayton	Triangle	3
Dayton	Sphere	1
Dayton	Light	1
Dam B Lake	Light	1
Dallas-Frisco	Light	1
Dallas	Unknown	18
Dallas	Triangle	18
Dallas	Teardrop	3
Dallas	Sphere	11
Dallas	Rectangle	3
Dallas	Oval	7
Dallas	Other	15
Dallas	Light	42
Dallas	Formation	7
Dallas	Flash	7
Dallas	Fireball	17
Dallas	Egg	1
Dallas	Disk	20
Dallas	Diamond	5
Dallas	Circle	14
Dallas	Cigar	5
Dallas	Chevron	2
Dallas	Changing	3
Dallardsville	Rectangle	1
Dallardsville	Changing	1
Dale	Circle	1
D'Hanis	Unknown	1
Cypress	Unknown	4
Cypress	Triangle	3
Cypress	Sphere	1
Cypress	Other	2
Cypress	Light	3
Cypress	Formation	1
Cypress	Fireball	1
Cypress	Cylinder	1
Cypress	Circle	4
Cypress	Changing	1
Cushing	Flash	1
Cushing	Fireball	1
Cushing	Diamond	1
Cumby	Unknown	1
Cuero	Triangle	1
Cuero	Light	1
Crystal Spring	Oval	1
Crystal City	Flash	1
Crystal Beach	Unknown	1
Crystal Beach	Triangle	1
Crystal Beach	Disk	1
Crystal Beach	Circle	1
Crystal Beach	Chevron	1
Crowley	Light	1
Crowley	Circle	1
Crowley	Changing	1
Cross Roads	Unknown	1
Cross Roads	Triangle	1
Cross Roads	Other	1
Cross Roads	Disk	1
Cross Plains	Flash	1
Crosby	Unknown	1
Crosby	Oval	1
Crosby	Other	1
Crosby	Light	1
Crosby	Disk	1
Crosby	Diamond	1
Crosby	Cylinder	1
Crosby	Circle	1
Crockett	Unknown	1
Crockett	Chevron	1
Creedmoor	Oval	1
Crawford	Other	1
Crandall	Unknown	1
Crandall	Disk	1
Coyanosa	Light	1
Coyanosa	Disk	1
Covington	Light	1
Covington	Egg	1
Cotullia	Sphere	1
Cotulla	Unknown	2
Cotulla	Triangle	1
Cotulla	Rectangle	1
Cotulla	Other	1
Cotulla	Light	4
Corsicana	Light	1
Corsicana	Circle	1
Corpus Christi	Unknown	5
Corpus Christi	Triangle	7
Corpus Christi	Sphere	5
Corpus Christi	Oval	8
Corpus Christi	Other	7
Corpus Christi	Light	12
Corpus Christi	Formation	1
Corpus Christi	Fireball	7
Corpus Christi	Disk	4
Corpus Christi	Cylinder	4
Corpus Christi	Circle	11
Corpus Christi	Cigar	1
Corpus Christi	Changing	3
Corinth	Triangle	1
Corinth	Sphere	1
Corinth	Other	1
Copperas Cove	Unknown	5
Copperas Cove	Triangle	3
Copperas Cove	Oval	1
Copperas Cove	Other	1
Copperas Cove	Flash	1
Copperas Cove	Diamond	2
Copperas Cove	Circle	2
Copperas Cove	Cigar	1
Copperas Cove	Changing	2
Coppell	Unknown	2
Coppell	Triangle	1
Coppell	Other	1
Coppell	Light	2
Coppell	Formation	1
Coppell	Fireball	1
Copeville	Triangle	1
Converse	Triangle	1
Converse	Oval	1
Converse	Light	1
Converse	Disk	1
Converse	Circle	1
Conroe	Unknown	1
Conroe	Triangle	1
Conroe	Teardrop	1
Conroe	Sphere	1
Conroe	Rectangle	1
Conroe	Other	2
Conroe	Light	6
Conroe	Fireball	2
Conroe	Disk	1
Conroe	Diamond	1
Conroe	Circle	1
Conroe	Chevron	1
Concan	Circle	1
Comstock	Other	1
Commerce	Sphere	1
Commerce	Light	1
Commerce	Circle	2
Comfort	Triangle	2
Comfort	Light	2
Comfort	Cylinder	1
Comanche	Unknown	3
Comanche	Other	1
Comanche	Light	1
Comanche	Formation	1
Columbus	Unknown	2
Columbus	Fireball	1
Colorado City	Diamond	1
Colorado City	Chevron	1
Colmesneil	Unknown	1
Colleyville	Rectangle	1
Colleyville	Other	2
Colleyville	Light	1
Colleyville	Cone	1
College Station	Unknown	4
College Station	Triangle	5
College Station	Sphere	1
College Station	Oval	1
College Station	Other	1
College Station	Light	7
College Station	Formation	1
College Station	Fireball	1
College Station	Disk	2
College Station	Cylinder	1
College Station	Circle	2
College Station	Chevron	1
College Station	Changing	2
Coleman	Unknown	1
Coleman	Oval	1
Coleman	Light	1
Coleman	Fireball	1
Coleman	Circle	1
Clyde	Cylinder	1
Clyde	Circle	1
Clifton	Flash	1
Cleveland	Triangle	1
Cleveland	Flash	1
Cleveland	Fireball	2
Cleveland	Cigar	2
Cleburne	Unknown	1
Cleburne	Triangle	3
Cleburne	Oval	1
Cleburne	Other	1
Cleburne	Light	4
Cleburne	Disk	1
Clear Lake	Triangle	1
Clear Lake	Teardrop	1
Clear Lake	Sphere	1
Clear Lake	Egg	1
Clear Lake	Changing	1
Claude	Unknown	1
Clarksville	Sphere	1
Clarksville	Rectangle	1
Cistern	Sphere	1
Cisco	Formation	2
Cisco	Circle	1
Cibolo	Unknown	1
Cibolo	Teardrop	1
Christoval	Light	1
Chinquipin	Light	1
China Spring	Triangle	2
China Spring	Sphere	1
China Spring	Other	1
China Spring	Light	2
China	Light	1
Chillicothe	Cylinder	1
Childress	Sphere	1
Childress	Light	2
Chester	Changing	1
Cherry Springs Community	Rectangle	1
Cheek	Light	1
Chatfield	Oval	3
Chatfield	Disk	1
Charlotte	Sphere	1
Chappell Hill	Light	1
Channing	Changing	1
Channelview	Unknown	2
Chalk Hill	Rectangle	1
Central Texas	Light	1
Centerville	Light	1
Center City	Unknown	1
Center	Triangle	1
Center	Oval	1
Center	Other	1
Center	Flash	1
Center	Fireball	1
Celina	Sphere	1
Celina	Oval	1
Celina	Circle	3
Celeste	Circle	1
Cedar Park	Unknown	1
Cedar Park	Triangle	1
Cedar Park	Sphere	1
Cedar Park	Other	1
Cedar Park	Light	3
Cedar Park	Formation	1
Cedar Park	Fireball	1
Cedar Park	Disk	1
Cedar Park	Cylinder	1
Cedar Park	Circle	1
Cedar Park	Cigar	1
Cedar Park	Chevron	1
Cedar Park	Changing	2
Cedar Hill	Light	1
Cedar Hill	Formation	2
Cedar Hill	Circle	2
Cedar Creek	Unknown	2
Carthage	Unknown	1
Carthage	Triangle	2
Carthage	Light	1
Carthage	Circle	1
Carta Valley	Fireball	1
Carrollton	Unknown	3
Carrollton	Triangle	2
Carrollton	Teardrop	1
Carrollton	Sphere	3
Carrollton	Other	2
Carrollton	Light	3
Carrollton	Formation	1
Carrollton	Flash	1
Carrollton	Cross	1
Carrollton	Circle	3
Carrollton	Cigar	1
Carrollton	Changing	1
Carmine	Sphere	1
Carmine	Fireball	1
Carlton	Light	1
Canyon Lake	Triangle	2
Canyon Lake	Oval	1
Canyon Lake	Other	1
Canyon Lake	Light	2
Canyon Lake	Fireball	1
Canyon	Unknown	1
Canyon	Sphere	1
Canyon	Other	1
Canyon	Light	1
Canyon	Formation	1
Canyon	Fireball	1
Canton	Other	4
Canton	Light	1
Canadian	Unknown	1
Canadian	Triangle	1
Campwood	Circle	1
Cameron	Other	1
Cameron	Diamond	1
Calvert	Fireball	1
Callahan County	Light	1
Caliham	Light	1
Caldwell	Disk	1
Caldwell	Diamond	1
Caddo Mills	Unknown	1
Caddo Mills	Disk	1
Burton	Other	1
Burton	Light	2
Burnet	Teardrop	1
Burnet	Light	2
Burnet	Fireball	1
Burnet	Disk	1
Burleson	Unknown	1
Burleson	Triangle	2
Burleson	Other	2
Burleson	Light	2
Burleson	Fireball	1
Burleson	Circle	2
Burkeville	Other	1
Burkett	Cigar	1
Buna	Light	2
Bulverde	Light	1
Buffalo	Light	1
Buffalo	Flash	1
Buffalo	Fireball	1
Buda	Triangle	2
Buda	Oval	1
Buda	Light	1
Buda	Flash	1
Buda	Egg	1
Buda	Changing	1
Bryan	Unknown	2
Bryan	Triangle	5
Bryan	Sphere	1
Bryan	Oval	2
Bryan	Other	2
Bryan	Light	4
Bryan	Cigar	1
Bryan	Chevron	1
Brownwood	Unknown	1
Brownwood	Triangle	1
Brownwood	Light	4
Brownwood	Fireball	1
Brownwood	Disk	1
Brownsville	Triangle	2
Brownsville	Oval	2
Brownsville	Light	3
Brownsville	Disk	2
Brownsville	Diamond	2
Brownsville	Cylinder	1
Brownsville	Circle	3
Brownfield	Triangle	2
Brownfield	Light	2
Brookston	Unknown	1
Brookshire	Light	1
Brooklyn	Circle	1
Bronte	Diamond	1
Bronco	Light	1
Brock	Fireball	1
Broaddus	Unknown	1
Brenham	Unknown	1
Brenham	Oval	1
Brenham	Light	1
Bremham	Chevron	1
Breckenridge	Oval	1
Breckenridge	Other	3
Breckenridge	Changing	1
Brazoria	Unknown	1
Brazoria	Formation	1
Brady	Unknown	1
Brady	Other	1
Brady	Light	1
Brady	Disk	1
Brady	Circle	1
Bracketville	Fireball	1
Bracketville	Cigar	1
Boyd	Unknown	1
Boyd	Disk	1
Bowie	Oval	1
Bowie	Changing	1
Bovina	Unknown	1
Borger	Other	2
Borger	Light	1
Borger	Disk	1
Borger	Circle	1
Bonham	Unknown	2
Bonham	Light	1
Bonham	Fireball	1
Bonham	Egg	1
Bogata	Light	1
Bogata	Disk	1
Boerne	Unknown	1
Boerne	Sphere	1
Boerne	Disk	2
Boerne	Circle	2
Blum	Triangle	1
Bluetown	Formation	1
Blossom	Sphere	1
Bloomington	Sphere	1
Blanco	Other	1
Blanco	Cigar	1
Blackwell	Light	1
Bivins	Circle	1
Birmingham	Unknown	1
Big Wells	Cigar	1
Big Spring	Oval	2
Big Spring	Other	2
Big Spring	Light	3
Big Spring	Cigar	1
Big Sandy	Triangle	1
Big Lake	Light	1
Big Bend National Park	Unknown	2
Big Bend National Park	Diamond	1
Bhopal	Rectangle	1
Bettendorf	Other	1
Bertram	Oval	1
Bertram	Light	6
Bertram	Fireball	1
Bertram	Egg	1
Bertram	Cigar	1
Bend	Light	1
Benbrook	Triangle	1
Benbrook	Other	1
Benbrook	Light	3
Benbrook	Cigar	1
Ben Wheeler	Triangle	1
Ben Wheeler	Sphere	1
Ben Wheeler	Light	2
Belton	Unknown	1
Belton	Triangle	1
Belton	Other	2
Belton	Light	2
Belton	Flash	1
Bells	Triangle	1
Beeville	Unknown	1
Beeville	Light	1
Beeville	Flash	1
Beeville	Circle	1
Beechnut	Triangle	1
Bee Caves	Other	1
Bee Caves	Disk	1
Bedford	Unknown	1
Bedford	Sphere	1
Bedford	Rectangle	1
Bedford	Oval	1
Bedford	Light	2
Bedford	Circle	1
Beckville	Light	1
Beaumont	Unknown	4
Beaumont	Triangle	2
Beaumont	Light	3
Beaumont	Flash	1
Beaumont	Disk	2
Beaumont	Cylinder	1
Beaumont	Circle	1
Beaumont	Cigar	1
Beach City	Light	1
Bayview	Cigar	1
Baytown	Unknown	1
Baytown	Triangle	2
Baytown	Sphere	1
Baytown	Oval	1
Baytown	Other	6
Baytown	Light	4
Baytown	Formation	1
Baytown	Fireball	1
Baytown	Circle	1
Baytown	Cigar	3
Bay City	Unknown	1
Bay City	Triangle	2
Bay City	Light	1
Bay City	Circle	1
Batesville	Unknown	1
Bastrop County	Light	1
Bastrop	Unknown	1
Bastrop	Sphere	2
Bastrop	Light	2
Bastrop	Formation	1
Bastrop	Fireball	1
Bastrop	Disk	1
Bastrop	Cylinder	1
Bastrop	Cigar	1
Barstow	Oval	1
Bangs	Unknown	2
Bandera	Triangle	2
Bandera	Light	2
Bandera	Flash	1
Ballinger	Unknown	1
Ballinger	Triangle	1
Ballinger	Other	1
Ballinger	Diamond	1
Ballinger	Circle	1
Ballinger	Changing	1
Baird	Light	1
Baird	Fireball	1
Azle	Unknown	1
Azle	Triangle	2
Azle	Teardrop	1
Azle	Rectangle	1
Azle	Other	2
Azle	Light	2
Azle	Fireball	1
Azle	Cross	1
Azle	Circle	2
Azle	Cigar	2
Avinger	Oval	1
Avinger	Cylinder	2
Avinger	Changing	1
Austin	Unknown	36
Austin	Triangle	39
Austin	Teardrop	3
Austin	Sphere	17
Austin	Rectangle	4
Austin	Oval	10
Austin	Other	25
Austin	Light	49
Austin	Formation	7
Austin	Flash	6
Austin	Fireball	27
Austin	Egg	1
Austin	Disk	14
Austin	Diamond	2
Austin	Cylinder	3
Austin	Cone	1
Austin	Circle	21
Austin	Cigar	7
Austin	Chevron	5
Austin	Changing	8
Aurora	Cigar	1
Aubrey	Light	1
Aubrey	Fireball	1
Atlanta	Other	3
Atlanta	Fireball	1
Atkins	Unknown	1
Athens	Unknown	1
Athens	Triangle	2
Athens	Other	1
Athens	Light	2
Athens	Fireball	1
Athens	Circle	1
Atascocita	Unknown	2
Atascocita	Light	1
Atascocita	Fireball	1
Atascocita	Disk	1
Atascocita	Circle	1
Aspermont	Light	1
Arvana-Lamesa	Disk	2
Arp	Light	1
Arlington	Unknown	4
Arlington	Triangle	13
Arlington	Teardrop	1
Arlington	Sphere	7
Arlington	Oval	5
Arlington	Other	2
Arlington	Light	18
Arlington	Formation	1
Arlington	Flash	1
Arlington	Fireball	5
Arlington	Egg	2
Arlington	Disk	2
Arlington	Diamond	1
Arlington	Cylinder	2
Arlington	Cross	1
Arlington	Circle	1
Arlington	Cigar	2
Arlington	Chevron	2
Arlen	Flash	1
Arkadelphia	Sphere	1
Argyle	Disk	1
Archer City	Triangle	1
Aransas Pass	Light	1
Aquilla	Triangle	1
Anthony	Changing	1
Anson	Fireball	1
Anson	Changing	1
Anna	Triangle	1
Anna	Other	1
Anna	Fireball	1
Angleton	Sphere	1
Angleton	Oval	1
Angleton	Light	2
Angleton	Formation	1
Angleton	Flash	2
Angleton	Cross	1
Andrews	Unknown	1
Andrews	Oval	1
Anahuac	Oval	1
Anahuac	Cylinder	1
Amarillo	Unknown	3
Amarillo	Triangle	7
Amarillo	Teardrop	1
Amarillo	Sphere	4
Amarillo	Rectangle	1
Amarillo	Oval	1
Amarillo	Other	4
Amarillo	Light	5
Amarillo	Formation	1
Amarillo	Flash	1
Amarillo	Fireball	2
Amarillo	Disk	3
Amarillo	Diamond	1
Amarillo	Cross	1
Amarillo	Circle	5
Amarillo	Chevron	1
Amarillo	Changing	1
Alvord	Triangle	1
Alvin	Unknown	2
Alvin	Sphere	1
Alvin	Other	3
Alvin	Light	1
Alvin	Fireball	3
Alvin	Diamond	1
Alvin	Circle	2
Alvin	Cigar	2
Alvarado	Teardrop	1
Alvarado	Light	1
Alvarado	Fireball	1
Alvarado	Circle	1
Alvarado	Chevron	1
Alto	Light	1
Alpine	Triangle	2
Alpine	Other	1
Alpine	Light	3
Allison	Triangle	1
Allen	Unknown	5
Allen	Triangle	3
Allen	Teardrop	1
Allen	Rectangle	1
Allen	Other	2
Allen	Light	2
Allen	Egg	1
Allen	Circle	2
Allen	Cigar	1
Alice	Triangle	1
Alice	Sphere	1
Alice	Other	1
Alice	Light	3
Alice	Disk	2
Alice	Cylinder	1
Aledo	Light	1
Aledo	Formation	1
Aledo	Flash	1
Aledo	Fireball	1
Aledo	Disk	1
Albany	Fireball	1
Alamo	Sphere	1
Alamo	Diamond	1
Alamo	Circle	1
Adkins	Unknown	1
Adkins	Sphere	1
Adkins	Diamond	1
Addison	Unknown	1
Addison	Triangle	1
Addison	Teardrop	1
Addison	Other	1
Addison	Fireball	1
Academy	Other	1
Abilene	Unknown	4
Abilene	Triangle	4
Abilene	Sphere	1
Abilene	Rectangle	1
Abilene	Oval	2
Abilene	Other	2
Abilene	Light	15
Abilene	Formation	2
Abilene	Fireball	1
Abilene	Disk	1
Abilene	Cone	1
Abilene	Circle	1
Abilene	Changing	2
